id;motif;montant;date;justificatif;work_order_id;created_at;updated_at;created_by;created_by_user_login;updated_by;updated_by_user_login
1;reboot infrastructures;20697;2026-03-12;connecting;73453;2026-03-12T01:19:25;2026-03-11T16:38:45;Marketing navigating;Bahrain Assistant;Towels;Associate
2;CSS Concrete;99789;2026-03-12;Avon;89795;2026-03-11T20:28:54;2026-03-12T09:41:00;quantifying Street;Customer web-enabled;Dollar open-source;Pre-emptive Salad
3;withdrawal;98385;2026-03-11;neural niches;49470;2026-03-12T06:59:09;2026-03-12T12:49:35;Shirt alarm;Savings orchestrate Borders;bus Chair;Tunisian
4;Borders Auto;70200;2026-03-12;monitor;32719;2026-03-11T21:29:48;2026-03-12T08:49:03;Sleek pixel PNG;Knolls Fish;invoice Customer-focused target;District Junction Forward
5;Metical connect;24723;2026-03-12;Dirham Lock;68432;2026-03-12T09:40:46;2026-03-11T23:13:55;Bedfordshire;generate hacking;overriding;withdrawal SSL
6;Corporate Tools synthesizing;51556;2026-03-11;architecture;99649;2026-03-12T04:06:36;2026-03-12T07:16:09;contingency;bandwidth deposit virtual;1080p invoice;Buckinghamshire Lead
7;client-driven;47073;2026-03-11;Account 1080p;68881;2026-03-11T18:58:15;2026-03-12T01:29:09;open Ball;sensor;Silver Naira 24;customized
8;Auto;48941;2026-03-11;Unbranded;4652;2026-03-12T12:25:04;2026-03-12T04:38:04;Plastic;Account Stream state;virtual;indexing
9;Gorgeous Chile;25435;2026-03-11;Account Tuna;23066;2026-03-12T07:30:53;2026-03-12T12:25:49;Vermont;matrix PCI;Rupee incremental neural;deposit synthesize
10;compelling;77201;2026-03-12;value-added Loan Markets;82188;2026-03-12T09:15:49;2026-03-12T01:20:45;Chair implement;Account;metrics overriding;Garden capacity alliance
